{
    "subtitle": "Our story.",
    "title": "A professional writer makes a big difference.",
    "description": "Lorem ipsum dolor sit amet, consectetur adipisicing. Perspiciatis ipsum vero optio rerum molestiae, sintory ducimus, rem labore et delectus aspernatur! Sequi debitis vero, molestiae tempore eligendi quam sit repudiandae deleniti alias quority accusamus.",
    "button1": {
        "label": "More about us",
        "link": "about"
    },
    "button2": {
        "label": "View portfolio",
        "link": "portfolio"
    },
    "image": {
        "front": "img/content/2.jpg",
        "back": "img/content/1.jpg",
        "alt": "image",
        "badgeText": "About us - About us - about us - "
    }
}